0,0,0,0
0.5,0.096,-1.224,-0.052
1,-0.8,-0.356,0.132
1.5,0.264,-1.364,-0.152
2,-0.044,-1.764,0.232
2.5,0.236,-0.608,-0.052
3,0.028,-0.76,-0.004
3.5,-0.272,-1.132,-0.164
4,-0.06,-1,-0.152
4.5,-0.136,-0.86,0.124
5,-0.36,-0.928,-0.124
5.5,0.072,0.312,0.032
6,-1.3,-1.42,0.064
6.5,-0.72,-1.212,0.04
7,0.108,-1.512,0.056
7.5,-0.44,-0.736,0.076
8,0.192,-0.904,-0.18
8.5,0.016,-1.092,0.008
9,-0.048,-1.208,-0.124
9.5,0.204,-2.048,-0.072
10,-0.024,-2.048,-0.348
10.5,0,-1.824,-0.472
11,-0.06,-0.668,-0.436
11.5,-0.248,-0.532,0.168
12,-0.004,-0.672,-0.192
12.5,-0.22,-0.96,0.008
13,0.372,-1.012,-0.148
13.5,-0.14,-1.776,-0.068
14,-0.036,-1.376,-0.264
14.5,0.228,-0.728,-0.548
15,0.1,-0.704,-0.068
15.5,-1.432,-2.032,0.232
16,-0.136,-0.06,-0.396
16.5,-0.056,-0.728,0.092
17,-0.052,-0.5,-0.164
17.5,-0.88,-1.104,-0.272
18,0.104,-1.676,-0.296
18.5,-0.056,-1.328,-0.38
19,0.104,-1.24,-0.244
19.5,-0.148,-0.408,0
20,-0.56,-1.024,0.088
20.5,-0.248,-1.28,0.132
21,0.188,0.236,-0.132
21.5,-0.572,-1.736,0.124
22,-0.216,0.296,0.044
22.5,-0.148,-2.048,0.14
23,-0.012,0.152,-0.016
23.5,-0.532,-2.036,0.036
24,0.044,-2.048,0.288
24.5,-0.172,-0.568,-0.016
25,-0.5,-1.124,-0.064
25.5,-0.716,-1.984,0.088
26,-0.076,0.224,0.112
26.5,-0.44,-0.956,0.004
27,-0.268,-1.276,-0.004
27.5,-0.176,-0.78,-0.116
28,-0.288,-0.84,-0.14
28.5,-0.212,-1.044,-0.12
29,-0.608,-1.008,-0.052
29.5,0.384,-0.064,-0.076
30,-0.544,-2.048,-0.008
30.5,0.004,0.464,-0.104
31,-0.22,-2.048,0.416
31.5,0.108,-0.12,-0.084
32,-0.204,-2.048,-0.032
32.5,-0.032,-0.86,-0.032
33,0.216,0.22,-0.112
33.5,-0.12,0.056,-0.14
34,-0.02,-0.128,-0.112
34.5,-0.584,-2.048,0.16
35,-0.204,-1.344,0.172
35.5,-0.06,-0.156,-0.228
36,-0.264,-1.304,-0.028
36.5,-0.196,-2.048,0.276
37,-0.356,-0.256,-0.172
37.5,-0.408,-0.832,0
38,-0.548,-1.392,-0.1
38.5,-0.228,-1.988,0.1
39,0.136,0.348,-0.268
39.5,-0.44,-1.588,-0.108
40,-0.3,-1.852,0.388
40.5,0.132,0.088,-0.06
41,-0.308,-2.048,0.068
41.5,-0.24,-0.292,-0.016
42,-0.344,-0.66,-0.112
42.5,-0.144,-0.78,-0.048
43,-0.54,-1.084,-0.02
43.5,-0.328,-0.672,-0.032
44,-0.22,-0.8,-0.248
44.5,0.292,0.136,-0.084
45,-0.236,-1.772,0.184
45.5,-0.284,0.008,-0.384
46,-0.728,-1.184,0.076
46.5,-0.048,-1.288,0.068
47,-0.208,-1.364,-0.08
47.5,-0.024,-0.624,-0.136
48,-0.12,-1.676,-0.128
48.5,0.092,0.192,-0.18
49,-0.076,0.14,-0.196
49.5,-0.212,-0.512,0.064
50,-0.184,-0.636,-0.156
50.5,-0.24,-0.804,-0.06
51,0.12,-0.82,-0.26
51.5,0.156,-0.5,-0.112
52,0.044,-0.72,-0.204
52.5,-0.272,-1.072,0.08
53,-0.744,0.148,-0.048
53.5,0.036,-0.832,-0.056
54,0.252,-1.856,-0.02
54.5,-0.148,-1.916,-0.26
55,-0.08,-0.668,-0.192
55.5,0.116,-2.048,0.456
56,-0.916,-0.936,0.08
56.5,-0.704,-1.324,0.084
57,0.24,-0.124,-0.172
57.5,0.196,0.016,-0.104
58,-0.44,-0.356,0.132
58.5,-0.448,-0.424,0.1
59,-0.244,-1.056,0.188
59.5,0.056,-0.928,-0.204
60,-0.028,-0.88,0.04
60.5,-2.048,-2.048,1.02
61,-0.896,-1.488,0.16
61.5,1.024,-1.872,-0.168
62,0.412,-1.692,-0.284
62.5,-0.596,-1.208,0.06
63,-0.512,-2.048,1.816
63.5,-0.948,-0.9,-0.116
64,-0.512,-0.676,-0.268
64.5,0.128,-1.568,-0.4
65,-0.18,-1.056,0.088
65.5,-2.048,-2.048,1.348
66,-1.564,-1.244,0.584
66.5,-0.552,-0.072,0.112
67,0.452,-1.176,-0.08
67.5,-0.588,-0.52,-0.152
68,-0.524,-1.308,0.04
68.5,0.232,0.076,-1.016
69,-0.116,-0.632,0.124
69.5,-0.124,-0.792,0
70,-0.12,-0.352,-0.172
70.5,0.144,0.104,-0.152
71,-0.172,-0.32,-0.144
71.5,-0.34,-0.288,0.116
72,-0.56,-0.92,0.124
72.5,-0.276,-1.128,-0.088
73,-0.216,-1.144,0.036
73.5,-0.044,-0.46,-0.072
74,-0.12,-0.224,-0.248
74.5,-0.188,-2.048,0.268
75,-0.072,0.084,-0.04
75.5,-0.46,-2.048,0.244
76,0.364,0.092,-0.116
76.5,-0.348,-2.016,0.072
77,0.208,0.236,-0.032
77.5,-0.124,-0.84,-0.036
78,-0.12,-1.048,-0.132
78.5,-0.632,-1.428,0.052
79,-0.372,-1.036,0.02
79.5,-0.544,-1.724,-0.14
80,-0.684,-1.036,-0.136
80.5,-0.74,-0.792,-0.3
81,-0.872,-1.088,0.02
81.5,0,-0.524,-0.184
82,-0.808,-1.928,0.152
82.5,-0.192,-1.312,0.104
83,-0.28,-2.048,-0.052
83.5,-0.188,0.384,-0.176
84,-0.392,-2.048,0.316
84.5,-0.292,-1.288,0.24
85,0.008,-0.06,-0.204
85.5,-0.512,-1.968,0.192
86,-0.388,-1.372,-0.176
86.5,-0.22,-1.004,-0.352
87,-0.132,-0.688,-0.324
87.5,-0.424,-1.752,0.336
88,-0.112,-0.156,-0.012
88.5,-0.544,-2.048,0.18
89,-0.012,0.184,-0.196
89.5,0.08,-1.656,0.02
90,-0.484,-1.084,-0.02
90.5,-0.212,-1.652,-0.148
91,-0.544,-1.204,0.024
91.5,-0.516,-2.048,0.232
92,-0.128,0.556,-0.212
92.5,-0.732,-2.048,0.336
93,0.064,0.292,-0.076
93.5,-0.14,-2.048,0.148
94,-0.012,0.02,-0.024
94.5,-0.604,-1.976,0.156
95,-0.332,-1.288,-0.02
95.5,-0.516,-0.756,-0.268
96,-0.256,-1.628,-0.124
96.5,-0.196,-2.02,0.06
97,-0.316,0.16,-0.04
97.5,-0.248,-1.74,-0.112
98,-0.044,-0.464,-0.008
98.5,-0.56,-0.544,-0.04
99,-0.42,-1.256,-0.16
99.5,-0.06,-1.148,-0.104
100,-0.296,-2.048,0.256
100.5,-0.012,0.136,-0.152
101,0.008,-2.048,0.08
101.5,-0.844,0.204,-0.188
102,-0.396,-2.048,0.252
102.5,-0.192,-0.244,0.08
103,-0.3,-1.384,0.048
103.5,-0.22,-0.768,0.024
104,-0.424,-0.904,0.252
104.5,-0.12,-1.032,-0.076
105,-0.16,-2.048,0.332
105.5,-0.372,-0.556,-0.236
106,0.568,-1.324,-0.168
106.5,-0.652,-1.9,-0.36
107,-0.212,-1.096,-0.208
107.5,-0.184,-0.684,0.016
108,-0.124,-0.736,-0.272
108.5,-0.1,-1.048,0.12
109,0.068,-0.624,-0.068
109.5,0.164,0.172,-0.212
110,-0.016,0.164,-0.24
110.5,0.06,0.004,-0.316
111,-0.012,-0.052,-0.06
111.5,-0.408,-1.424,0.092
112,0.108,-1.04,-0.008
112.5,0.016,-1.84,0.156
113,0.232,-2.044,-0.196
113.5,-0.236,-0.8,0.028
114,-0.02,-1.904,-0.368
114.5,-0.264,-0.896,0.008
115,0.012,-1.108,-0.04
115.5,-0.76,-0.932,0.16
116,0.008,-1.512,0.06
116.5,-0.556,-0.38,-0.356
117,-1.068,-1.676,0.176
117.5,-0.188,-1.052,-0.236
118,-0.34,-1.468,-0.18
118.5,-0.608,-1.04,0.1
119,-0.18,-1.436,0.188
119.5,0.068,-1.684,0.06
120,-0.492,-1.008,0.104
120.5,-0.176,-1.02,-0.076
121,-0.056,-0.62,-0.104
121.5,-0.092,-1.02,0.032
122,0.1,-0.848,-0.004
122.5,-0.376,-1.128,-0.112
123,-0.188,-1.404,-0.032
123.5,-0.424,-1.052,0.012
124,-0.384,-1.448,-0.036
124.5,0.048,-1.584,-0.344
125,-0.312,-0.436,-0.196
125.5,-0.352,-0.78,0.264
126,-0.54,-1.044,-0.136
126.5,-0.448,-0.676,-0.208
127,-0.708,-2.048,-0.128
127.5,-0.084,-1,-0.216
128,-0.276,-0.956,-0.092
128.5,-0.06,-0.908,0.016
129,-0.932,-0.804,0.02
129.5,-0.384,0.004,0.008
130,0.66,-1.356,-0.16
130.5,0.312,-1.676,-0.424
131,-0.824,-0.632,-0.024
131.5,-0.272,-1.228,0.164
132,0.164,-0.048,-0.164
132.5,-0.124,-0.576,-0.008
133,-0.092,-0.912,-0.152
133.5,-0.144,-1.064,0.032
134,0.2,-2.048,-0.516
134.5,-0.176,-1.932,-0.512
135,-0.088,-0.212,-0.988
135.5,-0.128,-0.056,-0.248
136,0.24,-0.684,-0.064
136.5,-0.008,-0.868,0.28
137,-0.376,-0.88,0.128
137.5,-0.008,-1.292,-0.076
138,-0.456,0.212,-0.288
138.5,-0.628,-2.048,0.208
139,-0.476,-0.232,-0.444
139.5,-0.28,-1.312,0.064
140,-0.164,0.396,-0.32
140.5,-0.388,-1.32,-0.084
141,-0.372,-1.008,-0.02
141.5,-0.328,-0.5,-0.024
142,-0.472,-0.368,-0.044
142.5,-0.46,-0.604,0.036
143,-0.116,-0.2,-0.248
143.5,-0.372,-1.428,0.228
144,-0.348,-1.444,-0.232
144.5,-0.344,-1.196,-0.124
145,-0.34,-1.564,0.144
145.5,0.196,0.204,-0.216
146,-0.164,-1.34,0.056
146.5,-0.184,-0.86,-0.048
147,-0.64,-0.972,-0.116
147.5,0.252,-1.532,-0.064
148,0.276,-0.012,-0.12
148.5,-0.192,-2.048,-0.024
149,0.096,0.208,-0.024
149.5,-0.036,-2.008,0.148
150,0.048,-1.856,0.416
150.5,-0.244,-0.864,-0.156
151,-0.636,-0.9,0.088
151.5,-0.336,-0.336,-0.116
152,-0.14,-0.904,-0.068
152.5,-0.76,-1.236,0.048
153,-0.748,-1.136,-0.112
153.5,-0.864,-1.108,-0.152
154,-0.392,-0.172,-0.472
154.5,-0.6,-0.852,0.188
155,-0.304,-1.98,-0.084
155.5,-0.328,-0.82,-0.2
156,-0.128,-1.152,0
156.5,-0.296,-0.94,-0.08
157,-0.428,-0.896,0.056
157.5,-0.5,-0.36,0.004
158,-0.132,-1.236,-0.06
158.5,-0.132,-0.704,-0.14
159,-0.324,-1.024,-0.02
159.5,-0.656,-1.484,0.176
160,-0.204,-0.7,-0.068
160.5,-0.256,-1.504,0.08
161,-0.296,-0.952,-0.172
161.5,-0.252,-1.084,0.112
162,0.096,-1.556,-0.168
162.5,0.036,-1.42,-0.008
163,-0.18,-0.968,0.008
163.5,-0.668,0.176,0.064
164,-0.392,-2.048,-0.108
164.5,0.216,-0.516,0
165,-0.476,-1.78,0
165.5,-0.356,-0.064,-0.052
166,-0.112,-1.196,-0.24
166.5,-0.356,-0.96,0.032
167,-0.292,-0.88,-0.128
167.5,-0.336,-0.808,0.032
168,-0.22,-0.372,-0.092
168.5,-0.952,-1.204,0.384
169,0.252,-0.004,-0.108
169.5,-0.408,-1.708,-0.032
170,-0.204,-0.22,-0.344
170.5,-0.392,-0.692,0.004
171,-0.32,-0.96,0.148
171.5,-0.44,-0.976,0.048
172,0.008,-0.844,-0.1
172.5,-0.512,-0.64,0.044
173,0.456,-2.048,0.448
173.5,-0.208,-1.036,-0.156
174,-0.04,-0.296,-0.436
174.5,-0.244,0.076,0.188
175,-0.352,-1.224,0.028
175.5,-0.204,-0.576,-0.064
176,-0.232,-0.868,0.212
176.5,-0.244,-0.804,-0.14
177,-0.412,-0.856,0.032
177.5,-0.408,-1.38,-0.036
178,0.224,-2.012,0.42
178.5,0.316,-2.048,-0.18
179,-0.26,-1.864,-0.584
179.5,-0.288,-0.592,-0.164
180,-0.636,-1.152,0.14
180.5,0.012,-1.396,-0.028
181,-0.016,-1.084,0.056
181.5,0.012,-0.492,-0.2
182,0.112,-1.028,0
182.5,-0.292,-0.488,-0.032
183,0.152,-1.448,-0.008
183.5,-0.44,-2.048,-0.5
184,0.148,-0.272,-0.144
184.5,-0.408,-0.424,0.004
185,-0.064,-0.144,-0.196
185.5,-0.284,-0.988,0.164
186,-0.336,-0.656,-0.164
186.5,-0.28,-0.984,0.032
187,0.456,-2.048,-0.384
187.5,-0.244,-1.184,-0.172
188,-0.428,-0.756,-0.508
188.5,0.072,-1.44,-0.316
189,-0.464,-0.476,-0.388
189.5,-0.232,-1.272,-0.088
190,-0.4,-0.756,0.08
190.5,-1.012,-1.54,0.188
191,0.372,-2.048,0.388
191.5,0.032,-2.048,0.6
192,-0.412,-0.276,0.016
192.5,-0.156,-2.048,0.756
193,-0.196,-0.568,-0.108
193.5,0.272,-0.28,-0.24
194,-0.368,-1.004,0.092
194.5,-0.208,-0.612,-0.088
195,-0.444,-0.92,-0.036
195.5,-0.696,-0.86,0.024
196,-0.988,-0.788,-0.016
196.5,0.088,-1.208,-0.188
197,-0.508,-1.868,0.62
197.5,-0.08,-0.176,-0.496
198,-0.032,-0.256,-0.484
198.5,-0.28,-1,0.016
199,-0.188,-0.556,-0.184
199.5,-0.276,-0.844,0.052
200,-0.188,-1.304,-0.02
200.5,-0.164,-1.02,0.052
201,-0.12,-0.692,-0.004
201.5,-0.304,-2.012,-0.724
202,-0.004,-0.748,-0.38
202.5,-0.66,-0.336,-0.032
203,-0.244,-1.472,0.032
203.5,0.036,-1.584,0.068
204,-0.208,-1.144,0.112
204.5,-0.292,-1.068,-0.152
205,-0.42,-1.256,0.044
205.5,-0.272,-0.24,-0.152
206,-0.196,-0.916,-0.136
206.5,-0.024,0.012,-0.196
207,-0.064,-1.912,0.116
207.5,-0.42,-2.048,-0.04
208,-0.252,-0.244,0.012
208.5,-0.204,-1.244,-0.032
209,-0.368,-0.776,-0.164
209.5,-0.344,-0.58,0.056
210,-0.792,-2.048,0.012
210.5,-0.544,0.224,0.272
211,-0.348,-1.872,0.308
211.5,-0.664,-0.376,0.116
212,-0.116,-2.048,0.236
212.5,-0.364,0.016,-0.22
213,0.068,-1.58,0.048
213.5,-0.228,-1.076,0.044
214,-0.44,-0.928,-0.072
214.5,-0.576,-1.328,0.024
215,0.436,-0.164,-0.02
215.5,-0.476,-1.724,-0.08
216,-0.416,-1.632,-0.064
216.5,-0.344,-0.444,-0.104
217,-0.524,-1.708,-0.092
217.5,-0.188,-0.948,-0.1
218,0.212,-0.044,-0.084
218.5,-0.904,-1.764,0.016
219,-0.632,-2.02,0.052
219.5,-0.012,0.448,-0.208
220,-0.372,-2.048,0.276
220.5,0.188,0.356,-0.112
221,-0.28,-0.612,-0.188
221.5,-0.412,-2.048,0.356
222,-0.3,-0.536,-0.224
222.5,-0.332,-0.968,0.068
223,-0.144,-1.036,-0.096
223.5,-0.324,-1.204,0.176
224,-0.084,-0.54,-0.096
224.5,-0.524,-1.248,0.196
225,0.008,-1.332,-0.208
225.5,-0.68,-2.048,0.204
226,-0.244,0.056,-0.268
226.5,-0.268,-1.936,-0.196
227,-0.216,-0.444,-0.124
227.5,-0.132,-0.604,-0.056
228,-0.94,-1.004,0.244
228.5,-0.012,-0.912,-0.132
229,-0.72,-1.38,0.284
229.5,-0.304,-0.928,-0.14
230,-0.44,-2.048,0.252
230.5,0.176,0.328,-0.22
231,-0.404,-1.832,0.3
231.5,-0.016,-0.324,-0.148
232,-0.324,-1.92,0.24
232.5,0.232,-0.632,-0.28
233,-0.388,-1.352,-0.076
233.5,-0.128,-0.924,-0.148
234,-0.224,-1.28,0.292
234.5,0.12,-1.332,-0.336
235,-0.432,-2.048,-0.012
235.5,-0.104,-0.848,0.076
236,-0.24,-1.06,-0.272
236.5,-0.672,-1.352,0.208
237,-0.156,-1.736,-0.196
237.5,-0.28,-1.032,-0.004
238,-0.296,-0.968,0.064
238.5,-0.46,-0.96,0.284
239,-0.036,-1.016,-0.092
239.5,-0.28,-1.476,0.036
240,0.256,-0.824,-0.128
240.5,-0.236,-1.972,-0.284
241,0.08,-0.62,-0.06
241.5,0.68,-0.152,0.072
242,-0.36,-0.808,0.052
242.5,-0.152,-0.672,-0.16
243,-0.048,-1.096,0.12
243.5,-0.192,-0.996,-0.16
244,-0.052,-0.996,0.008
244.5,0.324,-1.948,0.16
245,-0.128,-1.4,0.344
245.5,0.216,-1.84,0.208
246,0.4,-0.976,-0.2
246.5,-0.032,-0.32,-0.004
247,-0.528,-0.92,0.08
247.5,-0.364,-1.208,0.076
248,0.084,-1.056,-0.068
248.5,-0.396,-0.896,0.024
249,0.188,-0.736,-0.072
249.5,0.056,-0.864,-0.18
250,0.468,-1.32,-0.22
250.5,0,-0.544,0.136
251,-0.54,-0.48,-0.004
251.5,-0.804,-1.792,0.004
252,-0.212,-0.892,-0.1
252.5,-0.228,-1.52,-0.04
253,-0.508,-1.012,0.092
253.5,-0.728,-1.9,0.432
254,0.9,-1.46,-0.436
254.5,0.048,-1.8,0.088
255,0.18,-1.532,0.02
255.5,-0.068,-0.852,0.064
256,-0.26,-0.936,0.068
256.5,0.436,-1.456,-0.132
257,-0.172,-0.716,-0.36
257.5,-0.94,-1.204,0.056
258,-0.592,-0.892,0.12
258.5,-0.744,-0.628,0.224
259,0.088,0.028,-0.068
259.5,0.12,0.112,-0.084
260,-0.26,-0.688,-0.016
260.5,-0.244,-0.864,-0.192
261,-0.312,-0.944,0.068
261.5,-0.116,-1.292,-0.084
262,-0.264,-0.992,0.028
262.5,0.048,-1.444,-0.092
263,-0.088,-1.5,-0.056
263.5,0.376,-0.644,-0.084
264,0.456,-0.972,-0.22
264.5,-0.728,-2.048,-0.992
265,-0.544,-1.292,0.032
265.5,0.152,-0.844,-0.012
266,0.096,-0.672,0.012
266.5,-0.268,-0.752,-0.152
267,-0.764,-2.048,0.288
267.5,-1.204,-0.288,-0.068
268,-0.7,0.436,-0.284
268.5,-0.4,-1.296,0.1
269,0.376,-2.048,0.304
269.5,0.096,-0.904,-0.324
270,-0.328,-0.82,0.012
270.5,-0.296,-1.124,0.14
271,-0.128,-1.204,-0.244
271.5,-0.468,-1.26,-0.284
272,-0.508,0.416,-0.28
272.5,-0.328,-1.4,0.22
273,-1.036,-1.36,-0.036
273.5,-1.172,-1.4,0.24
274,-1.268,-1.204,0.128
274.5,-1.112,-1.292,0.076
275,-0.48,-1.92,0.048
275.5,-0.312,-1.588,0.192
276,-0.248,-1.072,-0.18
276.5,-0.264,0.092,-0.18
277,0.144,-1.696,-0.048
277.5,-0.452,-1.288,0.188
278,-0.5,-0.796,0.084
278.5,-0.664,-2.024,0.168
279,-0.02,0.192,-0.076
279.5,-0.472,-1.048,0.044
280,-0.184,-1.072,-0.068
280.5,-0.316,-0.26,0.004
281,-1.036,-1.78,0.244
281.5,-0.412,-0.196,-0.216
282,-0.46,-2.048,0.036
282.5,-0.284,-2.048,0.012
283,-0.488,-1.476,0.248
283.5,-0.108,-0.22,-0.136
284,-0.48,-1.412,-0.352
284.5,-0.436,-1.064,0.06
285,-0.46,-1.032,-0.108
285.5,-0.84,-0.784,-0.196
286,-0.772,-1.74,0.372
286.5,-0.44,-0.356,-0.088
287,0,-1.528,-0.212
287.5,-0.108,0.2,-0.032
288,-0.196,-0.2,-0.364
288.5,0.112,-2.048,0.16
289,-0.276,0.724,-1.324
289.5,-0.356,-1.088,0.076
290,-0.304,-0.804,-0.132
290.5,-0.46,-0.684,-0.04
291,-0.64,-1.456,-0.004
291.5,-0.54,-0.344,-0.072
292,-0.424,-1.28,-0.084
292.5,-0.164,-0.064,-0.148
293,-0.208,-1.48,-0.044
293.5,-0.304,-1.896,0.26
294,-0.436,0.12,-0.04
294.5,-0.148,-0.804,-0.144
295,-0.44,-1.54,0.064
295.5,-0.532,-0.964,-0.332
296,-0.364,-1.52,0.184
296.5,0,-0.904,0.08
297,-0.452,-1.468,0.072
297.5,0.136,0.432,-0.164
298,-0.496,-2.048,0.204
298.5,-0.3,-0.48,-0.136
299,-0.384,-1.108,-0.124
299.5,0.084,-0.676,-0.128
300,-0.628,-0.6,-0.232
300.5,-0.84,-1,-0.132
301,-0.412,-1.024,-0.216
301.5,-0.7,-2.048,0.144
302,0.112,0.712,-0.248
302.5,-0.068,-2.048,0.3
303,-0.128,-1.06,0.136
303.5,-1.044,-1.32,0
304,-0.3,-1.024,0.072
304.5,-0.156,-1.032,0.024
305,-0.428,-0.928,0.044
305.5,0.056,-0.972,-0.1
306,0.2,-1.456,0.004
306.5,0.192,-1.036,-0.128
307,-0.18,-0.232,0.112
307.5,-0.236,-0.728,0.04
308,-2.048,-2.048,1.544
308.5,0.288,-1.86,-0.408
309,0.124,-0.692,0.052
309.5,-0.072,-0.98,-0.16
310,-0.148,-0.908,0.024
310.5,-0.032,-0.78,-0.124
311,-0.244,-1.512,-0.46
311.5,-0.38,-0.02,-1.088
312,-0.508,-1.712,-0.464
312.5,0.128,-0.06,-0.692
313,-0.2,-0.516,0.032
313.5,-0.192,-0.9,-0.168
314,-0.188,-2.048,0.292
314.5,-0.184,-2.048,0.248
315,-0.364,-0.804,0.028
315.5,0.56,-1.116,-0.124
316,-0.244,-2.048,-0.056
316.5,-0.36,-0.496,-0.004
317,0.204,-0.168,-0.168
317.5,0.016,-0.608,0.004
318,-0.188,-0.268,-0.14
318.5,-0.064,-1.104,0.056
319,-0.052,-1.024,-0.12
319.5,-0.22,-1.028,0.092
320,-0.32,-1.536,0.068
320.5,-0.256,-2.048,-0.224
321,0.26,-1.048,-0.06
321.5,-0.128,-0.808,-0.236
322,0.248,-0.848,0.008
322.5,0.172,-1.4,-0.444
323,-0.272,-0.616,0.136
323.5,-0.536,-1.768,0.104
324,-0.536,-1.312,-0.012
324.5,-0.012,-0.428,-0.08
325,0.068,-2.048,0.364
325.5,-0.332,-1.776,-0.356
326,0.076,-0.548,-0.156
326.5,0.044,0.112,-0.156
327,-0.468,-1.508,-0.056
327.5,-0.78,-1.384,0.056
328,-0.036,-0.704,-0.288
328.5,-0.44,-0.556,0.048
329,-0.104,-1.768,0.18
329.5,-1.488,-1.3,0.708
330,-0.592,-1.928,-0.036
330.5,-0.776,-0.9,0.016
331,-0.276,-1.116,-0.288
331.5,-0.324,-0.92,0
332,0.724,-1.24,-0.18
332.5,0.232,-0.788,-0.072
333,0.18,-0.832,-0.156
333.5,-0.352,-1.492,-0.052
334,-0.148,-0.812,-0.352
334.5,0.34,-0.02,-0.2
335,-0.42,-0.5,0.26
335.5,-0.612,-1.904,0.1
336,-0.016,-1.384,-0.124
336.5,-0.1,-0.848,-0.196
337,-0.416,-0.64,-0.14
337.5,-0.2,-2.048,0.284
338,0.02,-0.324,0.256
338.5,-0.44,-2.048,-0.024
339,0.076,0.192,-0.14
339.5,-0.392,-2.048,0.136
340,-0.28,-0.152,-0.036
340.5,0.056,-0.872,-0.064
341,-0.324,0.152,-0.188
341.5,-0.316,-1.176,-0.052
342,-0.58,-0.8,-0.108
342.5,-0.412,-2.048,0.256
343,0.16,0.18,-0.188
343.5,-0.268,-1.92,0.184
344,-0.44,-1.216,0.464
344.5,0.264,0.08,-0.108
345,-0.3,-1.436,0.112
345.5,-0.564,-1.1,-0.068
346,-0.404,-1.068,0.008
346.5,0.148,-0.828,0.064
347,-0.52,-1.308,-0.004
347.5,-0.772,-0.468,-0.204
348,0.068,-0.136,-0.02
348.5,-0.944,-2.048,0.14
349,0.076,0.332,-0.068
349.5,-0.632,-2.048,0.188
350,-0.248,0.108,-0.108
350.5,-0.168,-1.168,0.064
351,-0.236,-0.54,-0.084
351.5,-0.228,-0.364,-0.152
352,-1,-1.752,0
352.5,-0.368,0.452,-0.144
353,-0.44,-2.048,0.12
353.5,0.152,0.22,-0.048
354,-0.324,-2.048,0.308
354.5,-0.076,0.184,-0.064
355,0.168,-1.432,0.18
355.5,-0.244,-1.132,-0.076
356,0.008,-0.972,-0.084
356.5,-0.292,-1.384,0.272
357,0.148,-1.06,-0.34
357.5,-0.14,0.148,-0.14
358,-0.44,-2.048,0.056
358.5,0.128,-0.18,0.112
359,-0.76,-2.048,0.028
359.5,-0.28,0.272,0.044
360,0.296,-1.872,0.164
360.5,-0.332,-1.12,0.108
361,-0.252,-0.744,-0.168
361.5,-0.204,-0.264,-0.104
362,-0.168,-0.324,-0.16
362.5,0.204,-0.452,0
363,-0.536,-1.76,0.12
363.5,0.272,0.172,-0.188
364,-0.228,-1.196,-0.02
364.5,-0.244,-1.252,-0.036
365,-0.144,-0.492,-0.112
365.5,-0.38,-1.068,-0.216
366,-0.528,-1.156,-0.14
366.5,-0.096,-1.708,0.136
367,-0.5,-0.916,0.188
367.5,-0.092,0.28,-0.4
368,-0.3,-1.56,0.056
368.5,-0.32,-1.532,0.092
369,-0.124,-0.74,0.092
369.5,-0.56,-0.988,0.096
370,-0.412,-1.144,-0.308
370.5,-0.2,-1,-0.08
371,-0.224,0.328,-0.224
371.5,-0.072,-1.56,0.14
372,-1.648,-0.356,-0.192
372.5,-0.208,-2.048,-0.472
373,-0.032,-0.532,-0.068
373.5,-0.592,-0.568,0.1
374,-0.072,-0.756,-0.196
374.5,-0.204,-0.988,0.144
375,-0.172,-0.74,-0.052
375.5,-0.324,-0.852,0.304
376,-0.824,-1.496,0.26
376.5,-0.02,-2.048,0.36
377,-2.048,-2.048,1.516
377.5,-0.312,-0.792,0.316
378,-1.152,-1.76,-0.08
378.5,-0.672,-1.26,0.108
379,-0.688,-1.06,-0.112
379.5,-0.612,-1.696,0.232
380,0.404,-0.52,-0.052
380.5,0.504,-1.968,-0.128
381,0.004,-1.124,-0.156
381.5,-0.172,-0.012,0.08
382,-0.276,-1.084,0.184
382.5,-0.444,-0.792,-0.28
383,-0.404,-0.8,0.08
383.5,-0.136,-1.504,0.308
384,-0.508,-0.988,0.004
384.5,-0.376,-0.996,0.008
385,0.084,-1.956,0.464
385.5,-1.144,-0.984,0.396
386,-0.988,-1.208,0.248
386.5,-1.048,-0.876,0.372
387,-0.68,-1.532,-0.58
387.5,0.132,-0.356,-0.28
388,-0.288,-0.016,-0.02
388.5,-0.7,-0.784,0.152
389,-0.26,-0.856,-0.172
389.5,-0.38,-0.9,-0.008
390,-0.344,-1.78,-0.436
390.5,-0.336,-1.86,-0.652
391,0.16,-0.364,-0.152
391.5,0.06,-0.008,-0.376
392,-0.388,-0.532,-0.032
392.5,-0.096,-0.4,0
393,-0.12,-0.804,0.152
393.5,-0.588,-1.32,0.272
394,-0.18,-1.036,-0.12
394.5,-0.516,-0.768,0.116
395,-0.98,-1.168,0.296
395.5,0.148,-1.636,0.28
396,0.08,-0.216,-0.08
396.5,-0.036,-0.66,0.18
397,0.588,-1.628,-0.224
397.5,-0.232,-1.08,-0.092
398,-0.648,-2.048,0.364
398.5,0.02,-0.54,-0.164
399,-0.284,-1.264,0.004
399.5,0.024,-0.204,-0.116
400,0,-0.116,0.068
400.5,-0.412,-1.724,0.152
401,0.864,-2.048,1.58
401.5,-1.64,-0.876,0.64
402,-0.016,-1.592,0.524
402.5,0.12,-2.048,0.608
403,-0.52,-0.996,-0.148
403.5,-0.384,-1.136,-0.248
404,-0.244,-1.028,0.008
404.5,-0.18,-0.912,-0.096
405,-0.336,-0.932,0.008
405.5,-0.136,-1.068,-0.188
406,-0.608,-0.228,-0.1
406.5,-0.576,-1.264,0.152
407,-0.28,-1.972,0.136
407.5,-0.384,0.156,-0.02
408,0.1,-1.38,0.104
408.5,-0.092,-1.272,0.068
409,-0.208,-0.896,-0.048
409.5,-0.44,-0.704,0.016
410,-1.004,-2.048,0.212
410.5,-0.592,0.16,-0.02
411,-0.3,-2.048,0.252
411.5,0.36,-0.296,0.192
412,-0.276,-2.048,0.668
412.5,-0.524,0.24,0.032
413,0.32,-1.792,0.176
413.5,-0.14,-0.972,0.08
414,-0.272,-1.008,-0.1
414.5,-0.252,-1.028,0.188
415,-1.104,-0.884,-0.172
415.5,-0.08,-1.5,0.132
416,0.18,0.296,-0.172
416.5,-0.392,-2.048,0.476
417,0.296,0.252,-0.164
417.5,-1.22,-0.96,-0.228
418,-0.728,-1.088,-0.044
418.5,-0.256,-0.496,0.184
419,-0.448,-2.048,0.364
419.5,-0.788,-0.728,-0.308
420,-0.336,-1.476,0.024
420.5,0.196,0.34,-0.232
421,-0.58,-1.94,0.376
421.5,-0.352,-0.52,-0.108
422,-0.352,-0.976,0.1
422.5,-0.304,-0.928,-0.016
423,-0.352,-1.008,0.18
423.5,-0.24,-0.376,0.232
424,-0.172,-0.188,-0.4
424.5,-0.332,-0.956,0.212
425,-1.592,-1.084,0.248
425.5,-0.248,-1.876,0.06
426,0.18,0.184,-0.172
426.5,0.348,-1.976,0.076
427,-0.44,-1.18,0.248
427.5,-0.68,-1.18,-0.104
428,-0.392,-1.224,0.52
428.5,-1.164,-0.796,-0.112
429,-0.524,-1.896,0.084
429.5,-0.292,-0.796,0.196
430,0.128,0.324,-0.284
430.5,-0.496,-2.048,0.568
431,-0.208,-0.528,-0.088
431.5,-0.504,-0.828,-0.112
432,-0.092,-1.644,0.124
432.5,-0.176,-1.016,-0.124
433,0.132,-1.2,-0.132
433.5,-0.58,-1.108,0.096
434,0.104,-1.636,0.04
434.5,-0.452,-0.992,0.068
435,-0.456,-1.148,0.412
435.5,-0.856,-0.76,-0.1
436,-0.816,-1.356,0.18
436.5,-0.648,-1.224,-0.04
437,-0.264,-0.972,0.076
437.5,-0.288,-0.868,0.1
438,-0.324,-0.972,0.044
438.5,0.348,-1.076,-0.224
439,-0.248,-0.524,0.048
439.5,0.052,-1.988,0.244
440,0.084,-1.984,0.548
440.5,0.164,0.112,-0.404
441,0.012,-0.272,-0.088
441.5,0.26,-1.644,-0.012
442,-0.124,-1,-0.328
442.5,-0.28,-1.748,0.4
443,0.252,-0.396,-0.2
443.5,0.336,-1.92,-0.108
444,0.408,-2.048,0.436
444.5,-0.216,-1.856,-0.708
445,-0.076,-0.608,-0.264
445.5,0.092,-0.752,0.06
446,0.02,-0.44,-0.396
446.5,-0.072,-0.58,0.096
447,-0.128,-0.756,-0.052
447.5,-0.304,-0.988,0.04
448,1.124,-1.648,-0.252
448.5,-0.728,0.416,-0.208
449,-1.428,-0.984,-0.124
449.5,-0.052,-2.048,0.104
450,0.572,-0.72,0.056
450.5,-0.64,-1.52,0.352
451,-0.252,-1,-0.036
451.5,-0.124,-0.908,-0.068
452,-0.244,-1.336,0.22
452.5,0.52,-0.248,0.108
453,-0.252,-0.12,0.176
453.5,-0.08,-0.248,0.096
454,0.356,-0.064,-0.048
454.5,0.008,-0.464,-0.096
455,-0.056,-0.388,-0.184
455.5,-0.248,-0.996,0.188
456,0.86,-1.24,-0.084
456.5,0.272,-1.172,0
457,-0.056,-0.964,-0.12
457.5,-0.1,-0.624,0.276
458,-0.348,-0.912,0.06
458.5,0.024,-0.592,-0.452
459,0.004,-0.472,-0.372
459.5,-0.384,-0.488,0.02
460,-0.012,-0.652,-0.028
460.5,-0.26,-0.828,-0.024
461,-0.04,-1.336,0.096
461.5,-0.048,-0.208,0.136
462,-0.34,-2.048,-1.276
462.5,0.084,-0.268,-0.136
463,-0.112,-0.244,-0.2
463.5,0.432,-0.104,-0.22
464,-0.076,-0.7,0.164
464.5,-0.404,-0.52,-0.244
465,-0.388,-1.352,0.148
465.5,0.144,-2.036,0.272
466,-0.416,-0.792,0.108
466.5,0.096,-1.876,-0.2
467,-0.04,0.008,0.004
467.5,0.332,-0.332,-0.588
468,-0.124,-0.548,0.152
468.5,-0.216,-0.44,0.088
469,-0.388,-0.156,-0.192
469.5,-0.34,-0.668,0.26
470,-0.764,-1.952,0.272
470.5,-0.064,0.276,-0.216
471,-0.484,-1.484,0.296
471.5,0.084,-0.14,-0.02
472,-0.176,-1.732,-0.048
472.5,-0.256,-2.008,0.296
473,-0.256,-0.352,-0.216
473.5,-0.104,-0.572,-0.076
474,-0.268,-1.416,0.12
474.5,-0.888,-1.072,-0.156
475,-0.224,-2.048,0.404
475.5,-0.308,0.06,-0.072
476,-1.7,-1.16,-0.172
476.5,-0.236,-0.736,-0.092
477,-0.044,-1.688,-0.128
477.5,-0.216,-0.464,-0.136
478,-0.188,-0.572,0.008
478.5,-0.072,-0.992,0.024
479,-0.116,-0.712,0.032
479.5,0.172,0.444,-0.216
480,-0.044,-1.632,0.22
480.5,-0.352,-1.448,0.452
481,-0.024,-0.428,-0.172
481.5,-0.524,-2.048,0.308
482,-0.664,0.276,-0.192
482.5,0.072,0.38,-0.02
483,0.048,0.288,-0.124
483.5,0.188,-1.884,0
484,0.268,0.164,-0.128
484.5,-0.756,-2.048,0.296
485,0.188,0.316,-0.28
485.5,-0.568,-2.048,0.236
486,-0.336,0.284,-0.08
486.5,-0.272,-1.308,0.016
487,-0.908,-0.952,0.016
487.5,-0.58,-0.924,-0.204
488,-0.224,-1.436,0.288
488.5,-0.184,-1.392,-0.08
489,-0.44,0.292,-0.1
489.5,-0.136,-2.048,0.236
490,0.204,0.604,-0.352
490.5,-0.804,-2.048,0.428
491,0.06,0.044,-0.132
491.5,0.208,-2.048,-0.012
492,-0.264,-0.06,0.008
492.5,-0.208,-0.12,0.116
493,-0.296,-1.336,0.16
493.5,-0.328,-0.692,-0.052
494,-0.824,-0.56,-0.02
494.5,0.14,0.02,-0.068
495,-0.764,-2.048,0.464
495.5,-0.3,-0.968,0.28
496,0.016,-0.776,-0.072
496.5,-0.428,-1.08,0.228
497,-0.056,-1.088,-0.06
497.5,-0.468,-1.02,0.172
498,-0.144,0.524,-0.264
498.5,-0.596,-2.048,0.456
499,-0.38,0.172,-0.168
499.5,-0.208,-1.524,0.408
500,-0.176,-1.168,0.084
500.5,-0.488,-0.728,0.048
501,-0.16,-1.004,-0.028
501.5,-0.492,-1.076,0.116
502,-0.116,-0.556,-0.072
502.5,-0.148,-0.388,-0.332
503,-0.556,-1.04,0.196
503.5,0.572,-1.9,-0.108
504,0.064,-1.244,0.188
504.5,-0.708,-1.12,0.272
505,-0.036,-0.372,-0.252
505.5,-0.052,-1.012,0.22
506,-0.236,-0.74,-0.184
506.5,-0.608,-0.812,0.296
507,-0.564,-0.248,0.248
507.5,-0.024,0.096,0.016
508,-0.06,0.228,0.068
508.5,-0.556,-0.912,0.428
509,0.008,0.208,-0.164
509.5,-0.304,-0.352,0.088
510,0.684,-2.048,0.096
510.5,0.484,-1.016,0.6
511,-0.448,0.292,0.02
511.5,-0.7,-0.416,0.172
512,-1.108,-0.948,0.28
512.5,-0.372,-1.272,0.22
513,-0.036,-0.84,-0.056
513.5,-0.264,-0.848,0.3
514,-0.068,-0.756,-0.18
514.5,-0.216,-0.976,0.116
515,0.288,-1.7,0.144
515.5,-0.28,-1.404,-0.044
516,-0.152,-1.304,-0.212
516.5,0.004,-1.856,-0.636
517,-0.412,-0.484,-0.288
517.5,-0.344,-0.404,-0.2
518,0.008,-1.66,-0.304
518.5,-0.252,-0.592,0.152
519,0.004,-0.632,-0.032
519.5,-1.096,-1.16,0.452
520,-0.656,-0.56,0.42
520.5,-0.888,-1.052,0.088
521,0.88,-1.976,0.58
521.5,-1.004,-0.028,0.524
522,-0.216,-1.148,0.12
522.5,-0.268,-1.6,0.036
523,-0.216,-1.048,0.02
523.5,-0.008,-0.756,-0.1
524,0.008,-0.36,-0.072
524.5,-0.544,-1.064,0.288
525,1.828,-1.652,-0.252
525.5,-1.188,-0.508,0.412
526,0.248,-1.908,0.456
526.5,0.04,-0.796,0.204
527,0.164,-0.628,-0.124
527.5,0.084,-0.848,0.052
528,-0.448,-1.104,-0.128
528.5,-0.24,0.116,-0.244
529,-0.356,-0.9,0.268
529.5,0.696,-2.048,1.044
530,-0.748,-0.324,0.156
530.5,0.676,-0.848,-0.052
531,-0.44,-0.632,-0.176
531.5,0.124,-1.108,-0.092
532,-0.248,-1.08,0.148
532.5,-0.164,-1.408,0.116
533,-0.04,0.296,-0.14
533.5,-0.124,-2.048,0.112
534,-0.288,-0.072,-0.216
534.5,-0.228,-0.896,-0.076
535,0.252,-2.008,0.288
535.5,-0.096,-0.592,0.02
536,-0.084,0.088,-0.04
536.5,-1.132,-1.468,0.156
537,-0.572,-1.952,0.664
537.5,0.036,-0.084,-0.156
538,-0.22,-0.772,0.028
538.5,-0.784,-1.124,0.128
539,-0.792,-2.048,0.624
539.5,-0.22,0.38,-0.236
540,-0.112,-1.656,0.46
540.5,0.072,-0.676,-0.116
541,-0.564,-1.164,-0.056
541.5,-0.284,-1.356,-0.064
542,-0.416,-1.416,0.096
542.5,0.128,0.4,-0.236
543,-0.58,-2.048,0.68
543.5,-0.108,0.616,-0.348
544,-0.88,-1.556,0.152
544.5,-0.224,-2.048,0.356
545,-0.152,-0.528,-0.028
545.5,-0.528,-0.32,-0.012
546,-1.116,-1.816,0.264
546.5,-0.236,0.112,-0.168
547,-1.592,-1.284,-0.192
547.5,-0.216,-1.76,0.168
548,0.14,-0.356,0.14
548.5,-0.016,-1.404,0
549,-0.18,-1.084,-0.148
549.5,-0.3,-1.704,0.24
550,-0.424,-0.936,0.028
550.5,-0.444,-1.808,0.204
551,0.468,-0.096,-0.092
551.5,-0.464,-1.844,0.332
552,-0.4,-1.976,0.48
552.5,-0.036,-0.364,-0.18
553,-0.488,-1.156,0.108
553.5,-0.48,-1.34,0.312
554,0.228,-1.004,-0.156
554.5,-0.588,-1.428,0.332
555,-2.048,-0.768,0.508
555.5,0.22,0.568,-0.304
556,-0.508,-2.048,0.528
556.5,-0.312,-0.004,-0.332
557,-0.076,-1.772,0.004
557.5,-0.02,-0.288,-0.108
558,-0.18,-1.124,0.04
558.5,-0.376,-0.972,-0.044
559,-0.66,-0.876,0.236
559.5,0.028,-0.96,-0.164
560,0.032,-2.048,0.6
560.5,-0.252,-1.048,0.328
561,-0.928,-1.428,0
561.5,-0.06,-0.84,0.14
562,-0.444,-1.476,-0.028
562.5,-0.516,-0.904,0.136
563,-0.244,-0.828,-0.22
563.5,-1.384,-0.276,0.064
564,-0.408,-2.048,-0.028
564.5,0.312,-0.552,-0.048
565,-0.716,-0.528,0.148
565.5,-0.472,-2.048,0.624
566,-0.572,-0.676,-0.3
566.5,-0.676,-0.836,-0.328
567,-0.448,-1.6,0.176
567.5,-0.512,-0.872,-0.104
568,0.064,-1.676,0.116
568.5,-0.412,-1.004,0.128
569,1.656,-1.284,-0.088
569.5,-0.42,-0.504,-0.004
570,0.272,-1.096,-0.268
570.5,-0.152,-1.548,-0.664
571,0.096,-0.728,0.192
571.5,-0.244,-1.024,0.552
572,-0.564,-0.74,0.12
572.5,-0.48,-1.572,0.228
573,-0.028,-0.7,-0.084
573.5,-0.5,-1.54,0.232
574,1.176,-1.764,-0.304
574.5,-0.58,-0.568,-0.164
575,-0.756,-0.616,-0.184
575.5,0.064,-1.572,-0.416
576,-0.016,-0.648,0.064
576.5,-0.256,-0.848,0.016
577,-0.896,-0.812,0.152
577.5,-0.188,-0.808,0.184
578,0.844,-1.872,0.02
578.5,0.68,-0.404,-0.44
579,0.312,-0.64,0.08
579.5,-0.188,0.012,0.048
580,-0.328,-0.792,0.12
580.5,0.068,-0.644,-0.032
581,-0.312,-0.908,0.16
581.5,0,-1.996,0.476
582,-0.172,-0.828,0.144
582.5,0.372,-1.084,-0.6
583,-0.564,-0.344,-0.06
583.5,-1.268,-0.48,0.212
584,-0.04,-1.22,0.104
584.5,-0.456,-1.864,-0.588
585,0.152,-0.588,0.084
585.5,-0.148,-0.676,-0.24
586,-0.176,-0.996,0.32
586.5,-0.004,-0.744,-0.004
587,-0.7,-1.24,0.484
587.5,-0.744,-1.564,0.26
588,1.244,-2.048,0.276
588.5,-2.048,-2.048,2.044
589,-0.572,-0.42,0.168
589.5,-0.556,-0.904,-0.004
590,-0.34,-0.64,-0.056
590.5,0.024,-0.568,0.192
591,-0.14,-0.884,-0.056
591.5,-0.304,-0.864,0.168
592,0.672,-1.264,0.228
592.5,-0.488,-0.524,0.06
593,-0.188,-0.396,-0.08
593.5,0.452,-2.048,-1.348
594,-0.676,-0.304,-0.092
594.5,-0.58,-0.952,0.068
595,-0.44,-1.076,0.264
595.5,-0.94,-1.252,0.048
596,-0.396,-0.7,0.032
596.5,-0.236,-1.716,0.244
597,-0.14,-0.48,-0.092
597.5,-0.676,-1.356,0.22
598,-0.512,-1.188,0.136
598.5,-0.428,-1.272,-0.072
599,-0.688,-0.96,-0.108
599.5,-0.508,-1.136,-0.108
600,-0.676,-1.024,0.028
600.5,-0.4,-1.22,-0.192
601,-0.672,-0.964,0.08
601.5,-0.556,-0.32,-0.032
602,-0.516,-1.108,0.172
602.5,-0.432,-0.488,0.048
603,0.272,0.26,-0.16
603.5,-0.072,-1.852,0.388
604,-0.032,-0.604,-0.316
604.5,0.224,-1.4,0.116
605,-0.42,-1.96,0.316
605.5,-0.228,-0.98,-0.016
606,0.004,0.292,-0.2
606.5,-0.548,-1.48,0.472
607,-1.304,-1.3,0.284
607.5,-0.276,-0.408,-0.068
608,-0.292,-0.872,0.044
608.5,-0.788,-0.916,-0.004
609,-0.64,-1.376,0.136
609.5,-0.32,-0.972,-0.232
610,-1.008,-1.916,0.44
610.5,-0.06,-0.76,-0.02
611,0.344,0.28,-0.28
611.5,-0.38,-1.772,0.136
612,-0.464,-2.048,0.544
612.5,-0.636,0.284,-0.128
613,0.212,-0.98,-0.044
613.5,-0.308,-1.008,0.26
614,-0.308,-0.996,-0.016
614.5,-0.392,-0.716,0
615,-0.512,-1.044,0.248
615.5,-0.724,-1.86,0.288
616,-0.26,-0.636,-0.116
616.5,-0.336,0.224,0.04
617,-0.084,-1.972,0.168
617.5,-0.104,-0.372,0.02
618,-0.384,-1.276,0.268
618.5,-0.292,-0.836,0.036
619,-0.644,-0.772,0.16
619.5,-0.668,-1.128,0.128
620,-0.66,-1.084,0.06
620.5,-0.692,-1.196,0.168
621,-0.348,0.04,-0.124
621.5,-0.396,-2.048,0.42
622,0.1,0.22,-0.172
622.5,-0.26,-2.032,0.244
623,0.068,-1.14,-0.108
623.5,-0.364,-1.412,0.34
624,-0.156,-1.06,-0.092
624.5,-0.388,-1.072,0.164
625,-0.8,-0.764,-0.06
625.5,-0.26,-1.992,0.4
626,-0.124,-0.116,-0.292
626.5,-0.44,-1.404,0.192
627,-0.552,-1.048,-0.028
627.5,-0.676,-0.792,-0.144
628,-0.416,-0.924,0.04
628.5,-0.5,-1.172,-0.004
629,-0.188,-0.904,0.028
629.5,1.116,-2.048,0.972
630,-1.32,-0.248,0.484
630.5,-0.14,-1.168,0.004
631,-0.544,-1.468,-0.264
631.5,-0.8,-0.668,-0.064
632,-0.66,-1.064,0.18
632.5,-0.752,-1.004,0.064
633,-0.224,-1.328,-0.068
633.5,-0.504,-0.688,0.384
634,-0.764,-1.876,0.384
634.5,0.62,-2.048,0.992
635,-0.156,-0.644,-0.004
635.5,-2.048,-2.048,1.616
636,-0.204,-1.584,0.208
636.5,-0.4,-0.572,-0.012
637,-0.032,-2.048,-0.204
637.5,0.06,-0.976,0.104
638,0.02,-0.72,-0.108
638.5,-0.252,-0.996,0.184
639,-0.112,-2.048,1.184
639.5,-1.08,0.204,0.1
640,-0.064,-0.676,-0.276
640.5,0.068,-2.032,-0.316
641,0.12,-0.988,0.156
641.5,-0.304,-1.632,0.36
642,-0.068,-0.964,0.084
642.5,-0.168,-0.696,0.024
643,-0.024,-0.896,0.008
643.5,0.024,-0.828,-0.088
644,-0.028,-0.352,-0.416
644.5,-0.236,0.176,0.06
645,-0.96,-0.524,0.388
645.5,-0.744,-1.336,0.152
646,-1.364,-2.024,0.456
646.5,0.208,-1.556,0.128
647,0.336,-0.232,-0.244
647.5,0.024,-0.092,0.036
648,-0.392,-0.688,0.088
648.5,-0.172,-0.904,-0.04
649,-0.196,-0.876,0.2
649.5,-0.276,-1.556,-0.284
650,0.244,-0.064,-0.444
650.5,-0.536,-0.556,-0.02
651,-0.888,-2.048,0.524
651.5,0.268,-1.704,0.264
652,-0.548,-1.956,0.824
652.5,-0.448,-0.556,-0.028
653,-1.028,-0.888,0.22
653.5,-0.412,-0.972,0.224
654,-0.172,-1.032,0
654.5,-0.18,-1.024,0.244
655,-0.032,-1.064,0.144
655.5,0.16,-2.048,0.58
656,-0.392,-0.776,-0.228
656.5,-0.464,-0.168,-0.068
657,-0.256,-0.432,-0.152
657.5,-0.144,-0.28,-0.068
658,-0.304,-0.932,0.248
658.5,0.012,-0.852,-0.092
659,-0.296,-0.872,0.148
659.5,-0.208,-0.592,-0.056
660,-0.256,-0.964,0.116
660.5,0.216,-2.048,-0.016
661,0.984,-1.724,-0.6
661.5,-0.292,-0.184,-0.4
662,-0.612,-0.44,0.1
662.5,-0.088,-0.624,0.012
663,-0.184,-1.12,-0.004
663.5,-0.052,-1.272,0.336
664,-0.208,-1.116,0.292
664.5,-0.504,-1.444,-0.008
665,-0.804,-0.86,0.068
665.5,-0.336,-2.036,0.564
666,-0.196,-0.892,0.004
666.5,-0.26,-1.996,0.488
667,-0.228,0.384,-0.116
667.5,-0.596,-2.048,0.44
668,-0.612,-1.1,0.112
668.5,-0.684,-1.428,0.196
669,-0.516,-1.052,0.14
669.5,-0.356,-1.184,0.304
670,-0.02,-1.312,-0.068
670.5,-0.072,-1.2,0.292
671,-0.164,-1.304,-0.248
671.5,-0.172,-2.048,0.264
672,-0.34,-0.904,-0.024
672.5,-0.264,-1.744,0.208
673,-0.236,-0.852,0.192
673.5,-0.116,-1,-0.04
674,-1.048,-1.12,0.04
674.5,0.216,-1.124,0.036
675,-0.164,-0.444,-0.516
675.5,-0.592,-0.772,-0.084
676,-0.244,-1.328,0.092
676.5,0.132,0.704,-0.22
677,-0.492,-1.308,-0.164
677.5,-0.276,-0.96,0.096
678,-0.304,-1.06,0.152
678.5,-0.616,-1.308,0.204
679,-1.276,-1.276,0.028
679.5,-0.984,-1.192,-0.116
680,-0.828,-1.152,0.208
680.5,-0.364,-1.14,0.124
681,-0.452,-1.136,-0.06
681.5,-0.576,-0.824,0.1
682,-0.468,-0.24,-0.092
682.5,-0.152,-0.388,-0.124
683,-0.464,-0.32,0.048
683.5,-0.668,-1.076,0.064
684,0.024,-1.18,0.116
684.5,-0.848,-1.068,-0.116
685,-0.24,-1.052,-0.128
685.5,-0.572,-2.048,0.556
686,-0.296,-0.072,-0.02
686.5,-0.312,-1.732,0.188
687,-0.3,-1.324,0.496
687.5,0.056,-0.9,-0.048
688,-0.188,-1.112,0.132
688.5,-0.42,-0.74,0.048
689,0.052,-0.732,0.076
689.5,-1.112,-1.232,0.032
690,-0.14,-2.048,0.336
690.5,0.18,0.512,-0.272
691,-0.448,-2.048,0.64
691.5,-0.208,0.144,-0.232
692,-0.004,-1.696,-0.136
692.5,-0.288,-0.464,-0.076
693,-0.192,-0.988,0.124
693.5,-0.2,-1.036,-0.008
694,-0.332,-1.128,0.116
694.5,-0.504,-1.028,0.192
695,-0.344,-0.7,-0.044
695.5,-0.104,-1.328,0.008
696,-0.224,-0.784,0.004
696.5,-0.484,-1.76,0.064
697,-0.46,-0.976,0.04
697.5,-1.196,-1.024,0.248
698,-0.796,-1.088,0.088
698.5,-0.6,-1.068,0.228
699,-0.312,-0.708,-0.092
699.5,-0.112,-0.656,-0.644
700,-0.532,-1.016,0.236
700.5,0.428,-2.048,1.12
701,-0.676,-0.384,-0.036
701.5,-0.004,-1.072,-0.496
702,-0.428,-1.116,-0.028
702.5,-0.52,-1.372,0.632
703,-0.108,-0.924,0.112
703.5,-0.068,-0.588,-0.132
704,-0.696,-0.74,0.348
704.5,-0.472,-1.716,0.236
705,-0.284,-1.248,-0.016
705.5,-0.064,-0.9,-0.084
706,0.056,-0.492,-0.128
706.5,-0.452,-1.14,0.136
707,-0.696,-0.492,-0.152
707.5,-0.156,-0.676,0.008
708,-0.128,-0.592,0.128
708.5,0.096,-0.828,-0.176
709,-0.088,-1.092,0.376
709.5,0.112,-0.676,-0.132
710,0.348,-2.048,-1.016
710.5,-0.452,0.012,-0.152
711,-0.248,-0.848,0.412
711.5,0.168,-0.888,-0.128
712,-0.212,-1.148,-0.012
712.5,-0.44,-1.332,0.456
713,-0.224,-0.98,0.148
713.5,-0.244,-0.8,0.028
714,-1.576,-0.82,0.064
714.5,0.22,-1.732,0.668
715,-0.232,-0.84,0.184
715.5,-2.048,-2.048,1.304
716,-0.192,-2.048,0.344
716.5,-0.184,-0.488,-0.044
717,-0.528,-0.88,0.192
717.5,-0.088,-0.772,-0.096
718,-0.412,-0.908,0.168
718.5,0.408,-0.832,-0.32
719,-0.22,-0.664,0.124
719.5,-0.132,-0.736,0.016
720,-0.252,-1.056,0.096
720.5,0.312,-0.84,0.064
721,-0.412,-0.496,0
721.5,-0.664,-0.752,0.004
722,0.448,-0.88,0.036
722.5,-0.464,-0.288,-0.108
723,-0.316,-1.912,0.7
723.5,-0.176,-1.064,0.368
724,-0.148,-1.236,0.092
724.5,-0.228,-0.972,0.152
725,-0.22,-0.864,-0.012
725.5,-0.504,-0.916,0.104
726,-0.244,-0.996,0.18
726.5,0.284,-1.596,-0.432
727,-0.176,-1.348,0.38
727.5,0.144,-0.688,-0.492
728,-0.476,-0.516,0.06
728.5,-0.312,-0.088,-0.032
729,-0.28,-1.02,0.488
729.5,0.096,-0.552,-0.3
730,-0.244,-0.456,0.036
730.5,-0.116,-0.772,-0.06
731,-0.228,-0.952,0.204
731.5,0.632,-1.608,0.096
732,0.036,-0.676,0.12
732.5,0.192,-0.808,-0.024
733,-0.256,-0.988,0.168
733.5,0.46,-1.904,-0.18
734,-0.484,-1,0.2
734.5,-0.336,-1.292,0.464
735,0.724,-0.08,-0.212
735.5,-0.4,-0.464,0.056
736,-0.848,-0.788,-0.116
736.5,0.04,-0.752,0.316
737,-0.532,-1.332,0.252
737.5,-0.44,-0.904,0.344
738,-0.336,-1,0.036
738.5,-0.604,-0.948,0.088
739,-0.456,-1.512,0.212
739.5,-0.54,-1.668,0.532
740,0.164,-0.232,0.128
740.5,-0.092,-2.048,0.508
741,-0.376,0.284,-0.236
741.5,-0.108,-1.276,0.464
742,-0.232,-1.552,0.476
742.5,-0.252,-0.908,0.036
743,-0.26,-0.456,0.016
743.5,-1.06,-1.86,0.264
744,-0.316,0.164,-0.016
744.5,-0.072,-2.048,0.8
745,0.2,0.244,-0.2
745.5,-1.196,-0.964,0.436
746,0.092,-2.012,0.688
746.5,-0.16,-0.476,-0.068
747,-0.112,-0.916,0.04
747.5,-0.204,-0.832,0.068
748,-0.624,-1.364,-0.02
748.5,-0.416,-0.96,-0.084
749,-0.652,-1.32,0.436
749.5,0.044,-0.224,-0.208
750,-0.344,-2.048,0.568
750.5,0.064,0.276,-0.22
751,-0.3,-1.264,0.236
751.5,-0.296,-0.632,-0.056
752,-0.104,-0.384,-0.068
752.5,-0.372,-0.8,0.136
753,-0.416,-1.968,0.224
753.5,0.052,0.548,-0.256
754,-0.36,-1.804,0.588
754.5,-0.088,-0.604,0.004
755,-2.048,-0.684,0.252
755.5,-0.488,-0.984,0.304
756,-0.292,-0.424,-0.056
756.5,-0.524,-1.02,0.04
757,-0.604,-1.18,0.26
757.5,-0.388,-0.836,-0.104
758,-0.056,-0.364,-0.004
758.5,-0.512,-1.724,0.32
759,-0.524,0.176,-0.068
759.5,-0.216,-1.68,0.288
760,0.136,0.372,-0.308
760.5,-1.128,-1.608,0.032
761,-0.248,-1.504,0.208
761.5,-0.728,-1.168,0.032
762,-0.296,-0.808,0.024
762.5,-0.508,-0.96,0.38
763,0.028,-1.324,0.016
763.5,-1.312,-0.596,-0.108
764,-0.692,-1.972,0.484
764.5,-0.7,-0.336,-0.06
765,-0.12,-0.984,0.224
765.5,-0.216,-0.968,-0.072
766,-0.368,-0.732,0.044
766.5,-0.616,-0.612,-0.004
767,-0.004,-1.024,0.14
767.5,-0.48,-0.796,0.36
768,-0.64,-1.828,0.244
768.5,-0.732,-1.096,0.32
769,-0.664,-1.748,-0.088
769.5,-0.728,-0.856,-0.296
770,-0.188,-1.476,0.672
770.5,-0.164,-0.48,-0.34
771,-0.328,-0.9,0.196
771.5,-0.312,-0.744,-0.012
772,-0.46,-1,0.18
772.5,-0.316,-1.16,0.136
773,0.66,-2.048,2.044
773.5,0.264,-1.8,0.624
774,-0.164,-1.168,0.284
774.5,0.8,-2.048,0.356
775,0.176,-2.048,1.188
775.5,-0.608,-0.248,-0.02
776,-1.068,-2.048,1.6
776.5,-0.428,-0.84,-0.164
777,-0.196,-1.164,0.604
777.5,-0.48,-0.944,0.232
778,-0.776,-1.7,0.712
778.5,0.772,-2.008,0.64
779,-2.048,-2.048,1.464
779.5,0.048,-0.964,0.12
780,0.128,-0.532,0.132
780.5,0.024,-1.344,-0.212
781,-0.1,-1,0.148
781.5,-0.772,-0.86,-0.408
782,0.184,-1.812,0.62
782.5,0.66,-1.784,0.248
783,0.592,-0.824,0.252
783.5,0.54,0.088,-0.076
784,-0.336,-0.656,0.288
784.5,0.656,-1.536,0.196
785,0.716,-1.86,-0.032
785.5,0.112,-0.98,0.124
786,0.288,-1.024,-0.112
786.5,-0.108,-0.976,0.176
787,0.132,-0.896,-0.1
787.5,-0.012,-0.988,0.204
788,-0.044,-0.56,0.172
788.5,-0.28,-0.912,0.168
789,-0.5,-1.152,0.72
789.5,-1.352,-0.536,0.144
790,0.396,-2.048,-1.048
790.5,0.016,-0.484,0.208
791,-0.172,-0.964,0.14
791.5,-0.388,-0.86,0.244
792,-0.984,-2.048,0.512
792.5,-0.744,-0.948,-0.156
793,0.172,-1.04,0.048
793.5,-0.532,-0.944,0.24
794,-0.228,-1.468,0.464
794.5,0.76,-1.964,0.116
795,-0.224,-0.892,0.2
795.5,-0.132,-1.524,0.516
796,-0.1,-1.992,1.336
796.5,0.092,-0.804,0.032
797,-0.528,-1.124,0.364
797.5,-0.06,-0.984,0.26
798,-0.088,-0.948,0.26
798.5,-0.596,-0.944,0.16
799,-0.684,-0.796,0.216
799.5,-0.064,-0.98,0.272
800,-0.044,-0.956,0.244
800.5,-0.14,-0.084,-0.168
801,-0.428,-0.176,0.028
801.5,-0.476,-1.032,0.696
802,-0.252,-0.764,0.196
802.5,1.968,-1.54,0.98
803,0.076,-0.928,0.516
803.5,0.048,-0.84,-0.056
804,-0.052,-0.788,0.376
804.5,0.168,-0.548,-0.292
805,-0.056,-0.556,0.18
805.5,0.86,-1.988,0.084
806,0.476,-0.856,0.328
806.5,0.048,-1.948,0.384
807,-0.424,-0.408,-0.132
807.5,-0.384,-1.428,0.504
808,0.256,-0.66,0.08
808.5,-0.128,-1.196,0.376
809,0.116,-1.536,0.508
809.5,-0.232,-1.28,0.488
810,-0.056,-1.388,0.324
810.5,-0.344,-0.44,-0.236
811,-0.44,-1.712,0.832
811.5,0.196,-0.06,-0.26
812,-0.732,-1.352,0.492
812.5,0.2,-1.192,0.5
813,-0.284,-0.828,0.26
813.5,-0.184,-0.552,-0.04
814,-0.312,-0.428,0.132
814.5,-0.328,-0.208,-0.08
815,-0.54,-1.072,0.324
815.5,0.48,0.08,-0.068
816,-0.308,-1.828,0.768
816.5,-0.14,-0.668,0.216
817,-0.256,-0.392,0.012
817.5,-0.08,-0.784,0.2
818,-0.096,-1.092,0.312
818.5,-0.252,-0.692,0.076
819,-0.032,-1.048,-0.064
819.5,0.312,-0.592,-0.22
820,-0.016,-1.028,0.136
820.5,-0.288,-1.62,-0.008
821,0.264,0.232,-0.308
821.5,-0.488,-0.736,-0.132
822,-0.14,-0.804,-0.124
822.5,-0.032,-0.524,-0.192
823,-0.276,-0.72,-0.244
823.5,-0.312,-0.76,-0.312
824,-0.264,-0.744,-0.032
824.5,-0.16,-0.828,0.032
825,-0.112,-0.788,0.072
825.5,-0.436,-1.116,-0.128
826,-0.368,-1.536,0.408
826.5,-0.456,-1,0.28
827,-0.668,-1.16,-0.008
827.5,-0.4,-1.064,0.116
828,-0.132,-1.032,0.168
828.5,0.068,-0.888,-0.004
829,-0.14,-0.868,0.14
829.5,-0.3,-0.712,0.04
830,-0.188,-0.856,-0.072
830.5,-0.152,-0.988,-0.164
831,-0.348,-1.056,-0.056
831.5,-0.352,-0.968,-0.292
832,-0.504,-1.208,-0.124
832.5,-0.324,-1.008,0.08
833,-0.396,-1.152,-0.288
833.5,-0.308,-1.192,-0.004
834,-0.372,-1.268,0.004
834.5,-0.004,-1.616,0.124
835,-0.084,-0.792,-0.124
835.5,-0.196,-0.888,0.116
836,-0.2,-0.78,-0.128
836.5,-0.268,-0.788,-0.028
837,-0.156,-1.228,-0.028
837.5,-0.424,-0.988,0.136
838,0.268,-1.056,-0.132
838.5,-0.388,-1.188,0.152
839,0.148,-1.032,-0.232
839.5,-0.56,-1.272,-0.008
840,-0.552,-1,0.064
840.5,-0.664,-1.396,-0.064
841,-0.312,-0.816,-0.092
841.5,0.012,-0.892,-0.2
842,-0.048,-1.104,-0.012
842.5,-0.348,-1.036,0.196
843,0.176,-1.02,-0.1
843.5,-0.224,-1.016,0.076
844,-0.244,-0.744,-0.2
844.5,0.216,-1.352,0.1
845,-0.168,-1.036,0.124
845.5,-0.14,-1.048,0.06
846,-0.32,-0.892,0.16
846.5,-0.092,-1,0.06
847,-0.336,-1.324,0.092
847.5,-0.088,-0.956,-0.06
848,-0.116,-1,-0.076
848.5,-0.176,-1.024,0.14
849,-0.064,-1.012,0.012
849.5,-0.268,-1.02,0.172
850,0.004,-1.144,0.028
